{"cameraMode":{"drawMode":0,"name":"Shaded","section":"Shading Mode"},"sceneLighting":true,"audioPlay":false,"sceneViewState":{"m_AlwaysRefresh":false,"showFog":true,"showSkybox":true,"showFlares":true,"showImageEffects":true,"showParticleSystems":true,"showVisualEffectGraphs":true,"m_FxEnabled":true},"in2DMode":false,"pivot":{"x":-0.7976226806640625,"y":12.107638359069825,"z":1.1851335763931275},"rotation":{"x":-0.17806200683116914,"y":-0.1951126903295517,"z":-0.036047205328941348,"w":0.9637900590896606},"size":1.6484583616256714,"orthographic":false}