{"cameraMode":{"drawMode":0,"name":"Shaded","section":"Shading Mode"},"sceneLighting":true,"audioPlay":false,"sceneViewState":{"m_AlwaysRefresh":false,"showFog":true,"showSkybox":true,"showFlares":true,"showImageEffects":true,"showParticleSystems":true,"showVisualEffectGraphs":true,"m_FxEnabled":true},"in2DMode":false,"pivot":{"x":-9.634325981140137,"y":11.267340660095215,"z":10.714884757995606},"rotation":{"x":0.01704454980790615,"y":-0.7960906028747559,"z":-0.02245052345097065,"w":-0.6044986248016357},"size":1.6484583616256714,"orthographic":false}