{"cameraMode":{"drawMode":0,"name":"Shaded","section":"Shading Mode"},"sceneLighting":true,"audioPlay":false,"sceneViewState":{"m_AlwaysRefresh":false,"showFog":true,"showSkybox":true,"showFlares":true,"showImageEffects":true,"showParticleSystems":true,"showVisualEffectGraphs":true,"m_FxEnabled":true},"in2DMode":false,"pivot":{"x":-2.0877342224121095,"y":1.4100673198699952,"z":-1.3641422986984254},"rotation":{"x":0.08658628910779953,"y":0.11689173430204392,"z":-0.01021127961575985,"w":0.9891641736030579},"size":1.9268614053726197,"orthographic":false}