{"cameraMode":{"drawMode":0,"name":"Shaded","section":"Shading Mode"},"sceneLighting":true,"audioPlay":false,"sceneViewState":{"m_AlwaysRefresh":false,"showFog":true,"showSkybox":true,"showFlares":true,"showImageEffects":true,"showParticleSystems":true,"showVisualEffectGraphs":true,"m_FxEnabled":true},"in2DMode":false,"pivot":{"x":1.9524413347244263,"y":4.133623123168945,"z":9.5834379196167},"rotation":{"x":-0.03564608469605446,"y":0.04526625946164131,"z":0.0016170138260349632,"w":0.9983381628990173},"size":9.764050483703614,"orthographic":false}