{"cameraMode":{"drawMode":0,"name":"Shaded","section":"Shading Mode"},"sceneLighting":true,"audioPlay":false,"sceneViewState":{"m_AlwaysRefresh":false,"showFog":true,"showSkybox":true,"showFlares":true,"showImageEffects":true,"showParticleSystems":true,"showVisualEffectGraphs":true,"m_FxEnabled":true},"in2DMode":false,"pivot":{"x":5.316951274871826,"y":2.436915874481201,"z":-12.745840072631836},"rotation":{"x":0.02066444419324398,"y":-0.04468734562397003,"z":-0.0009415775421075523,"w":-0.9986527562141419},"size":0.4956072270870209,"orthographic":false}